age,AMI_total_n,AMI_total_mean,AMI_total_SD,GDS_total_n,GDS_total_mean,GDS_total_SD,REY_copy_score_n,REY_copy_score_mean,REY_copy_score_SD,REY_copy_nMove_n,REY_copy_nMove_mean,REY_copy_nMove_SD,REY_recall_score_n,REY_recall_score_mean,REY_recall_score_SD,REY_recall_nMove_n,REY_recall_nMove_mean,REY_recall_nMove_SD,OIS_ImmediateObjectAccuracy_n,OIS_ImmediateObjectAccuracy_mean,OIS_ImmediateObjectAccuracy_SD,OIS_DelayedObjectAccuracy_n,OIS_DelayedObjectAccuracy_mean,OIS_DelayedObjectAccuracy_SD,OIS_ImmediateSemanticAccuracy_n,OIS_ImmediateSemanticAccuracy_mean,OIS_ImmediateSemanticAccuracy_SD,OIS_DelayedSemanticAccuracy_n,OIS_DelayedSemanticAccuracy_mean,OIS_DelayedSemanticAccuracy_SD,OIS_ImmediateLocationError_n,OIS_ImmediateLocationError_mean,OIS_ImmediateLocationError_SD,OIS_DelayedLocationError_n,OIS_DelayedLocationError_mean,OIS_DelayedLocationError_SD,OMT_ProportionCorrect_n,OMT_ProportionCorrect_mean,OMT_ProportionCorrect_SD,OMT_AbsoluteError_n,OMT_AbsoluteError_mean,OMT_AbsoluteError_SD,OMT_TargetDetection_n,OMT_TargetDetection_mean,OMT_TargetDetection_SD,OMT_Misbinding_n,OMT_Misbinding_mean,OMT_Misbinding_SD,OMT_Guessing_n,OMT_Guessing_mean,OMT_Guessing_SD,OMT_Imprecision_n,OMT_Imprecision_mean,OMT_Imprecision_SD,OMT_IdentificationTime_n,OMT_IdentificationTime_mean,OMT_IdentificationTime_SD,OMT_LocalisationTime_n,OMT_LocalisationTime_mean,OMT_LocalisationTime_SD,DSST_nCorrectResponse_n,DSST_nCorrectResponse_mean,DSST_nCorrectResponse_SD,TMT_A_n,TMT_A_mean,TMT_A_SD,TMT_B_n,TMT_B_mean,TMT_B_SD,CORSI_mean_n,CORSI_mean_mean,CORSI_mean_SD
18,2,1,0,2,4.5,0.707106781186548,2,91.9180791811687,0.391836678386422,2,24,4.24264068711928,2,91.8225226461679,1.47660175831951,2,24,11.3137084989848,3,100,NaN,3,90,10,3,100,NaN,3,96.6666666666667,2.88675134594813,3,0.653421409864454,0.320109542533614,3,1.55995669915204,1.05963205623502,1,0.947368421052632,0,1,96.8551532615935,0,1,0.752278195488722,0,1,0.2746,0,1,0.110421804511278,0,1,61.3621450563716,0,1,1.76850955882353,0,1,2.676140625,0,1,57,0,2,15.1958,0.412337534335963,2,23.1089666666667,8.11348462869068,1,8.8504492982621,0
19,7,1.1984126984127,0.325300024316176,7,5.28571428571429,1.60356745147455,14,91.3990250557352,1.15437435875962,14,18.6428571428571,5.15314904257048,15,86.8951512592168,4.49480449392557,13,16.2307692307692,3.29529579233403,15,98,3.16227766016838,14,79.7619047619048,13.2345239866277,16,100,NaN,15,86.3235867446394,13.2549399371381,15,0.796230004594053,0.266531961906218,15,1.8898770266597,1.34048295365099,10,0.92531954887218,0.0704785719354794,10,106.905897624335,33.6410692850024,11,0.738407490316701,0.149234732124596,11,0.250572631578947,0.107188063398776,11,0.136306193893825,0.104856448446034,10,77.6384148616105,24.1548557817109,11,1.82251009229239,0.469267709511812,11,1.9745527445397,0.687754140232629,10,52.3,11.499275339487,15,17.1102511111111,3.06749356589451,15,22.8304733333333,5.31429917769331,6,5.6980630896922,3.22450752650917
20,9,1.17283950617284,0.338438275601796,10,5.9,1.79195734076208,19,91.6743146123312,1.15272285379125,19,19.1052631578947,5.27988569785901,20,86.1336223171491,5.2100425558822,18,17.3888888888889,4.40773236201603,20,97.5,3.03488489333442,19,78.2456140350877,15.490675054536,21,100,NaN,20,85.4926900584795,14.3840763867626,20,0.83339692325862,0.280170489056408,20,2.022954404164,1.45310756766447,13,0.911340852130326,0.0704580644368442,13,108.777573999632,32.1895778206814,14,0.739495402792696,0.13482340212275,13,0.270917732793522,0.082364794231958,14,0.132841664876477,0.0945612100421255,13,78.4503620248352,21.8221430041483,14,1.82420369597141,0.466586856253716,14,1.89506327014585,0.657540884189606,11,54.3636363636364,8.32193159395975,18,17.2855481481481,3.11542385299655,17,22.6125764705882,4.39817230380929,8,5.44263240353647,2.76719000446144
21,15,1.48518518518518,0.543304064305079,15,6.13333333333333,1.92230020944651,30,91.6566261281707,1.27421880081025,30,18.3666666666667,4.04699405973622,31,87.1917290442063,5.01530300691005,31,18.0645161290323,5.32250244321828,31,98.3870967741936,2.37595481655746,31,82.1105182310615,14.8900238890516,33,100,NaN,30,90.5502645502645,11.0143951893899,32,0.837340137341425,0.309419888543744,31,1.87221193329884,1.53929731895516,23,0.929985289310232,0.0525570801840542,24,103.963497705791,35.4170964677336,25,0.786153836090225,0.137376160440161,25,0.211579284210526,0.119405910062273,23,0.0911189500926229,0.0647677103025647,24,74.007210584996,19.3317024523631,24,1.80720336211344,0.487221458701926,24,2.12269961803001,0.850561930623511,21,53.1428571428571,10.2141358630366,28,18.0615761904762,3.92144464285601,28,24.5382023809524,5.54305223476745,12,4.65501718449851,1.81110997115615
22,18,1.40123456790123,0.436429177363143,19,5.78947368421053,1.98826969354487,35,91.6272768966159,1.26538610841478,36,19.0555555555556,4.8576563687467,36,87.2246815223618,4.82802106679949,36,17.9722222222222,5.02841134305067,35,98.4285714285714,2.35504107976803,35,82.4407447189402,14.2776707900242,38,100,NaN,36,88.7918871252205,13.2823519331442,37,0.825089804022857,0.297241351395703,35,1.7745361422747,1.32063590892595,27,0.92134270862341,0.0584335898208732,28,109.501920131133,36.3983377706656,28,0.776064853651987,0.135687844046073,29,0.23245891107078,0.125258588435637,28,0.111928323039742,0.0844298273829412,28,75.8546751548007,18.9429484950992,28,1.77686237429601,0.47794676728823,28,2.10687582505763,0.818758388850138,24,53.1666666666667,10.4243305140746,34,18.6925941176471,5.23254103930825,34,24.9929294117647,6.51371505689923,16,5.04671644140242,2.07665584428838
23,24,1.43981481481481,0.397899971335915,24,5.95833333333333,1.65448446368641,46,91.6975905154605,1.13978098831204,46,19.0217391304348,4.71635042725379,46,87.3838641377331,4.91382645615045,45,17.1111111111111,3.77324445767482,45,98.6666666666667,2.23606797749979,44,83.1915014809752,14.3594205775389,49,100,NaN,47,87.2157343713895,14.6029496835828,48,0.832097642880624,0.318345547580627,46,1.88400495674326,1.43831553652384,35,0.922670963122091,0.0504551644389321,36,112.100452442981,35.2283475450479,37,0.763398900629953,0.133704000717679,36,0.259922192982456,0.107281710113824,37,0.116489307051412,0.0836277050371799,37,77.8464573219199,19.4106266725748,37,1.7455069670613,0.461188602288347,36,2.05398639509563,0.736218000326768,31,52.5161290322581,9.605106168915,42,19.3230626984127,5.11596626750557,42,25.6965761904762,6.30894527542935,21,4.49080233066929,1.18612040642334
24,27,1.44238683127572,0.407806503995715,27,6.14814814814815,1.7030222841422,54,91.8413199385584,1.27004085341332,55,18.4727272727273,4.26811843987898,55,87.4893324886303,5.01979046258313,54,16.8703703703704,3.62406160291834,53,98.5849056603774,2.27388148551319,53,81.2282475055564,16.4992063242507,58,100,NaN,55,87.1195222905749,14.2628089928103,56,0.849945264872361,0.350588163087477,55,1.96306735367537,1.52522388804789,45,0.921662489557226,0.0550031777740497,46,117.344147261494,37.367440574773,45,0.7633481475912,0.126090640014689,46,0.263249839816934,0.105855950429245,45,0.116267402116402,0.0789147946581049,47,81.3712664000745,22.329339453997,46,1.68048894744584,0.453872880281316,46,2.06749978156972,0.73762696982805,40,54.55,11.5712951649706,52,19.4389538461538,4.93665390641554,52,26.2604326923077,6.36523624910729,24,4.54049060722097,1.40629024707093
25,26,1.54059829059829,0.447091476349216,26,6.30769230769231,1.76111852569282,48,91.9255873725572,1.24005462860202,50,18.8,4.03049599419025,50,86.8670174569495,6.15624526244123,49,17.4897959183673,3.72560089660934,47,98.7178051511758,2.21375011550055,48,81.5078712406015,16.8376397500894,51,100,NaN,49,88.0909544268835,13.7294174388307,50,0.84051184372038,0.34107831946583,48,1.81648458752646,1.32658981365092,42,0.918052571905955,0.0513157236101479,43,123.107498977343,39.6531786983477,41,0.757421535851825,0.121213919555677,42,0.273046165413534,0.106328022046447,41,0.118273014854209,0.0701443196062607,43,80.3660116455794,19.0337417945996,42,1.6419564094884,0.41750460254028,42,2.12711136196238,0.734016937182372,35,55.8857142857143,11.3261057857018,44,19.5426833333333,5.5252644903989,44,27.195228030303,6.61416284132567,25,5.22863945658669,1.95361810166097
26,25,1.54222222222222,0.383319913882127,26,6.30769230769231,1.80597299579436,51,91.5891752876052,1.61737539536462,53,18.811320754717,4.06701839271429,52,86.6306297338444,6.36253334394448,50,17.28,3.64238092125332,52,98.3603238866397,3.09299292733341,49,83.2117922356913,14.2547206028142,53,100,NaN,51,89.1462111160254,12.4412643414545,52,0.813279448220205,0.335106552119071,50,1.69155794587381,1.19593587324218,45,0.919345586187692,0.04710611527755,46,121.235170538878,39.3590371639735,44,0.757480871781727,0.119899761439698,45,0.27060298245614,0.104985679622087,44,0.118630013385737,0.0699131974909469,46,79.3407495201659,19.939758059566,44,1.64621915782581,0.414512689792036,45,2.19028320658281,0.75489788494967,39,55,14.2681094531974,47,19.8544092198582,5.44044314676424,47,27.6832404255319,7.0445586389106,26,5.33013542768696,1.91936069135719
27,27,1.47530864197531,0.349104584276546,28,6.07142857142857,1.82429228141828,48,91.8695344536631,1.19231601559016,51,18.6078431372549,4.11377408894824,52,85.9255591126021,7.10500304197202,50,17.54,3.63211300732221,51,98.1320949432405,3.16151323473576,49,79.8697636949517,16.2797184224535,52,100,NaN,50,87.4434210526316,12.8081609535367,51,0.800730507776176,0.308239655646907,48,1.61762463852675,0.987945299085458,43,0.915413533834586,0.0481026520252196,44,125.785887421793,39.0817498700783,42,0.742492256832558,0.110981897089301,44,0.283987523923445,0.0928316202520378,42,0.123929660460675,0.0686436682691618,44,81.8549720323856,20.2165299387123,43,1.60794265466437,0.38025589403195,43,2.04120814905571,0.5803153524437,37,54.5135135135135,13.2949899118712,47,19.6416815602837,5.30372060601854,47,27.7270815602837,7.27814048464592,27,5.60591509573501,2.14170144807693
28,37,1.55855855855856,0.406974927427376,37,6.10810810810811,1.66305915882922,64,91.9317030701248,1.16457071550445,67,17.7313432835821,3.76016637910514,64,88.287518871854,5.47559754313327,65,16.8307692307692,3.33339743528108,65,98.1497975708502,3.1379472892095,63,81.40664160401,15.1989918422126,66,100,NaN,64,88.6276726973684,12.0149873979184,67,0.810923446055394,0.341284201253369,63,1.5309259323355,0.951805194368405,62,0.915684372220875,0.0528038787614455,62,120.359705419602,40.2868551205453,61,0.754868240067382,0.113578667541869,62,0.26748843803056,0.0944006091818994,61,0.119303274169029,0.0672861850563769,62,79.2035904794229,21.6426614319159,60,1.6240647730453,0.379781658455094,61,2.00380354110992,0.556480998512868,46,53.6086956521739,11.5286662250035,60,19.2350061111111,4.66600041876236,60,27.2771044444444,7.79149901248787,37,5.36262255006029,2.00995871870688
29,38,1.58625730994152,0.424613382496089,38,6.44736842105263,1.79635318896824,64,92.0115629750885,1.28516758741614,67,17.5671641791045,3.87385909146365,63,89.4001610146346,4.53055180824502,65,16.7230769230769,3.38889589462636,64,97.9646381578947,3.30360113760882,65,79.8127530364373,14.5707775746739,66,100,NaN,65,88.8795546558705,10.6496803827355,66,0.793007649620334,0.324058361369896,64,1.48474088724153,0.803171093184122,67,0.919993079714211,0.0530503820709422,68,116.704069882291,38.9656160733827,67,0.767002977593237,0.111124867129848,68,0.253981199690403,0.0957357724321942,67,0.113314084464894,0.0648449742453893,68,77.3755273162835,23.0324406586437,66,1.62211068983939,0.376861711618625,67,1.94328170304569,0.536081318672818,50,55.46,12.5425154525538,61,18.7832644808743,5.04885945929731,61,26.9634278688525,8.52541709211492,38,5.55295521720784,2.45124831380329
30,39,1.63532763532764,0.418620152018008,39,6.41025641025641,1.72776016729218,62,92.0195913569853,1.21539008055321,63,17.4761904761905,3.84312181090532,60,89.2991499983398,4.69942944161433,62,16.8225806451613,3.39490550605302,59,98.0463871543265,3.22308816662037,61,80.8714408973253,12.3642715121754,62,100,NaN,60,90.3289473684211,8.2759046726112,63,0.77888457351101,0.280760323490425,61,1.43401672061064,0.675204265017484,67,0.922547974413646,0.0497271819490084,66,110.588095434592,35.3570855660219,68,0.772773419946926,0.109368913795749,67,0.241352796543598,0.0942650980110458,68,0.111172129588678,0.0618767074628818,67,75.5242158421379,21.5453413002035,67,1.65423252026648,0.384551002133158,68,1.96258794887696,0.568823743536139,44,53.9318181818182,11.8937109182977,55,18.8375363636364,5.26736118983774,55,26.743283030303,8.59975991071909,38,5.35523629856044,2.31199113635527
31,37,1.63813813813814,0.418744125856394,36,6.5,1.76473389333512,59,92.0430949216803,1.21031237951224,59,17.2203389830508,3.78321062613886,57,89.6871776146184,4.26859857215323,58,16.4137931034483,3.31945082521254,56,98.125,3.09875341504817,58,81.2794918330309,11.9742243418058,59,100,NaN,57,90.4385964912281,8.25274314537651,59,0.770329304075779,0.286417418261423,57,1.42294440251068,0.672307135821194,65,0.929909388856757,0.0456830359596343,65,108.172755941491,36.2526759854102,67,0.783693252534321,0.108472023175009,66,0.230116387559809,0.0915311817129747,66,0.103133398268398,0.060361248146475,67,75.1571794887778,25.3321115154241,65,1.65058899478751,0.393945751447575,65,1.96795737171847,0.589079826487738,42,53.3571428571429,11.7241078054048,52,19.1307833333333,5.02474182049548,52,26.7027025641026,8.50441761224595,35,5.17101722163108,2.2001433847123
32,36,1.64814814814815,0.424554959434284,35,6.42857142857143,1.73689571439654,55,92.096192748952,1.11873401017727,55,17.1454545454545,3.9035510036005,54,89.6656849543068,4.4066149269104,55,16.3454545454545,3.39508458312887,51,98.0392156862745,3.1746545280627,52,80.7085020242915,12.5562704408813,53,100,NaN,51,89.5665634674923,9.6137055226633,53,0.777838904351281,0.287974799848602,52,1.51426759893843,0.785931844195364,61,0.932535231521427,0.0457002941806146,61,108.323550709145,36.5201313990937,63,0.787329708994709,0.10845913259733,62,0.227358947368421,0.092726230888815,62,0.100938612256448,0.0594725976625228,63,75.7781301119234,25.5796898287063,62,1.62534203574828,0.390922121891656,61,1.93310553278603,0.560832736242279,39,53.8974358974359,11.1657249789252,47,18.8866666666667,5.0816338737944,48,27.1413680555555,10.6939393738634,32,5.11766835505486,2.29218699615797
33,35,1.66507936507937,0.41584575216582,35,6.42857142857143,1.73689571439654,52,92.1730175406184,1.18010293750082,53,17.2830188679245,3.94372607144059,52,89.3662493124279,4.87809547342334,51,15.8235294117647,3.12861555550017,48,98.0208333333333,3.21889093714718,48,82.1101364522417,12.4299505634139,50,100,NaN,49,89.1293710466643,11.4002551734165,50,0.794622974245156,0.310278388469039,49,1.55710418577346,0.81788756103717,61,0.932138748510621,0.0487529591239992,63,111.571507725077,42.7405165795616,63,0.782465920754267,0.118893040396047,63,0.224490033416875,0.103574011110493,61,0.102856427749702,0.064256775618683,63,76.4361758334243,26.6517262856573,61,1.62904642116674,0.387639927437268,62,1.98590222463194,0.623046016611235,36,53.6111111111111,11.0796538826233,45,18.4801185185185,4.57388546312384,43,24.7387333333333,4.63794456278999,30,4.46860394852656,1.46546419909855
34,31,1.6594982078853,0.476989430455464,32,6.71875,1.88772563274331,41,92.3311038899842,1.28620889350699,41,17.219512195122,3.98442088089318,41,88.8379679936675,5.5439240155244,40,15.925,3.10819842286451,38,97.8947368421053,3.21137735613098,38,81.3496460449369,13.4125619709481,39,100,NaN,38,89.2720837180671,11.0041346634066,39,0.838128229093447,0.4723688178437,38,1.59519628883467,0.930957945166224,51,0.934908349304634,0.0511145309583657,49,103.451555635584,36.0682505371963,51,0.795310151358789,0.116864196565394,50,0.204080757894737,0.0986874149768686,50,0.0966419634085213,0.0660799204317643,49,75.267919630538,24.2007462923547,51,1.67081591440093,0.410137969264216,50,2.06121694627424,0.663905350179877,28,54.5357142857143,9.51210590406555,35,18.3757628571428,4.05570918069221,34,25.7258441176471,4.94624815549511,28,4.94852777048391,2.63987107657008
35,29,1.5823754789272,0.517681349095054,29,6.48275862068965,1.86357355742694,35,92.3116504687357,1.18558621810618,36,17.25,4.06641295071151,36,86.9927181246468,6.68474254241899,35,16.6857142857143,4.73889679747754,32,97.65625,3.10680185108988,31,83.292774948123,13.6584028758785,32,100,NaN,31,90.0754574608564,11.7619790004022,32,0.795137418300685,0.297228554267915,32,1.67642516887738,1.1511040372606,43,0.935377688407064,0.0498179595349328,41,107.634390940468,41.2284879566722,42,0.793420752476429,0.118442868087694,42,0.209832105263158,0.107407135134963,41,0.0970159068402714,0.0652160004753558,41,74.6727991457136,24.10175998324,43,1.71527915347773,0.42889363618617,41,2.18033096355486,0.628241038025072,21,51.9523809523809,8.35150399913806,29,19.0590724137931,3.81437380163204,29,26.9643816091954,4.96264810260456,23,4.75023778117694,2.0926709371875
36,27,1.6358024691358,0.474500120167796,28,6.21428571428571,2.04318456694523,32,92.2262715771272,1.43808313267967,31,16.7096774193548,3.95974366499564,31,87.2406889552107,6.60493234772548,31,16.6129032258065,4.88315075441283,26,98.2692307692308,2.42582262018792,26,82.9644624381466,16.0986750634902,27,100,NaN,26,89.1284300494827,13.1236435797574,27,0.769283083155263,0.308388695859057,27,1.64057957138361,1.26810450287441,38,0.928325748581981,0.0587339787304116,36,108.133151468632,39.7010451966246,37,0.781251523741787,0.136903197597527,38,0.223818864265928,0.114038576983892,37,0.108472217367744,0.0862871935420008,36,77.1532175436554,23.9320479273207,38,1.72991381434769,0.413385943741585,37,2.30526445715874,0.768577143052605,19,52.4736842105263,6.68637437922685,27,18.3764987654321,3.47963344250931,27,26.8134296296296,4.85005983706442,22,4.81344712317999,2.14949691102336
37,30,1.65555555555556,0.474195785780987,32,6.40625,2.33982870892225,34,92.3714706041281,1.52193169205824,33,16.6666666666667,4.09013039726934,33,87.745863746675,6.48819770923675,33,17.0909090909091,5.11348484624011,29,97.5862068965517,3.16811392042772,29,78.8646904617866,21.5226571161844,29,99.8275862068966,0.928476690885259,28,87.2263993316625,16.8161088005367,29,0.812405765558985,0.46452166222206,29,1.50906510000957,1.24721371549528,40,0.924478383458647,0.0644098622990984,39,108.165602581122,39.2916629885739,39,0.791636558061821,0.130450877220528,41,0.225433003851091,0.121851676931255,38,0.0945751988523941,0.0702996154350774,40,78.4676290876449,25.4971501193628,40,1.72254904267155,0.368986949001659,40,2.25823052858587,0.821127415465865,22,53.7272727272727,7.14597334622339,30,18.5031244444444,3.39723421280065,30,27.1269922222222,4.74996376970803,25,4.58237850445022,2.10916267611798
38,35,1.57619047619048,0.410926851987562,36,6.05555555555556,2.08319047129218,39,92.2324966833929,1.50235794216099,38,16.7368421052632,4.36004097753069,39,88.0844454748838,6.2775242862195,38,17.0526315789474,4.6843463787099,36,97.5,3.68394198806504,34,83.218954248366,16.0787317793867,36,99.8611111111111,0.833333333333332,34,90.4248366013072,12.3258985261438,36,0.781335720019724,0.424240897983397,35,1.31567551131275,0.953092713713146,45,0.920413533834587,0.0646463822592277,44,107.996743562783,42.1816991955809,45,0.777414490114174,0.142187890962212,46,0.231817929061785,0.124798467804626,43,0.0991073529754619,0.0751676281757436,44,74.7811805572182,21.4385008259278,45,1.76514081728706,0.354094642267487,45,2.25559175472447,0.780631721317629,25,53.36,7.15821206726931,37,18.7365468468468,3.50967671315929,37,27.3791387387387,5.10562233416921,33,4.56519766066508,2.01086081621793
39,33,1.55050505050505,0.414197227699973,34,5.82352941176471,2.13868535426866,36,92.1405886723147,1.45055529345388,35,16.5714285714286,4.39441968520849,36,87.7879833294095,6.62082528849714,35,16.7428571428571,4.19623680949307,31,97.258064516129,4.04942581884958,31,81.4261460101868,17.7056279810897,31,99.8387096774194,0.898026510133875,30,91.1578947368421,11.0363288287646,31,0.738811889452362,0.416392580724828,31,1.19706116890547,0.784826393891932,40,0.915198934837093,0.0675961872099685,40,114.847455939148,43.4676859154456,39,0.778333359681254,0.12507110333966,39,0.253231929824561,0.10661188420331,38,0.10037968638702,0.0663171249694609,40,76.4411668781367,24.0012049817596,40,1.82617212191315,0.363305150219237,39,2.18153362522836,0.542184037970433,23,51.8260869565217,8.61105090151362,32,19.4971354166667,3.82911159540061,32,27.6464125,5.16838772606462,29,4.70095408791856,2.0294675900526
40,30,1.53518518518519,0.429956221927571,28,5.71428571428571,1.82284155174039,32,92.005248765043,1.33803524690794,31,16.5161290322581,4.33490459519727,32,87.4924595375921,6.72185757139696,32,17.09375,4.97969668074854,28,96.9548872180451,4.16362066035404,28,81.4003759398496,14.8296737735584,28,100,NaN,28,89.812030075188,11.0912851303215,29,0.756234319643155,0.42426434481831,29,1.21275309739654,0.725959832435013,36,0.923447507658034,0.0506249049489131,38,119.725952523138,45.5031596675278,39,0.744362403765825,0.13887597949565,37,0.270184921763869,0.102345134724335,38,0.121616649188761,0.0793333932607085,38,78.1032858715629,24.2861995746929,38,1.83128007825897,0.44443427168625,37,2.14913023362907,0.553515940714796,21,51,8.75785361832453,28,19.2161488095238,3.62723562738664,28,27.8838107142857,4.94860787101527,23,4.35384579249893,1.40668711238178
41,33,1.63468013468013,0.415050175233179,33,5.66666666666667,1.74403746137136,38,92.0346056707915,1.34017577640759,38,16.6842105263158,4.26871246591322,37,88.2313640157285,6.13469708497344,37,16.7567567567568,4.27138674726894,33,97.719298245614,3.77511595340865,33,82.097288676236,14.628283903471,33,100,NaN,33,90.1435406698565,10.8566767239701,34,0.754099309505133,0.437341376818632,33,1.12001918513749,0.490211076348632,40,0.914714912280702,0.0540983102710115,41,112.939956139634,39.2778814984855,43,0.741206733694702,0.134630407010528,41,0.270912580231065,0.0983109537355921,42,0.124390238691968,0.0774302831768106,41,73.4154521811844,20.0783737331263,42,1.83556058771059,0.461483864485495,41,2.18985610479152,0.652703275901165,26,51.3461538461538,9.39762654159999,34,18.7558470588235,3.26041873384508,34,26.9248274509804,5.00225080624551,29,4.25174647042377,1.49268294400919
42,35,1.57460317460317,0.436810013463304,32,5.375,1.38540782396725,40,92.0827150998213,1.27154428714038,39,16.3333333333333,3.19813542168536,39,88.7746795021336,4.77435363883003,39,17,4.37095677831464,33,97.5677830940989,3.78105235629059,33,82.7033492822967,13.4065764174328,33,100,NaN,33,90.2950558213716,10.0693916790956,34,0.773978134803342,0.434533974315991,33,1.17535256267382,0.507824982250015,37,0.919684346000135,0.0481339154808774,38,111.890284366437,36.5915488833366,38,0.752012246075715,0.111795089566659,38,0.268749459833795,0.0966592533550322,38,0.112340655586334,0.0624353447793974,39,74.6204880242989,20.9387257531382,39,1.85176136671035,0.468430256344258,38,2.1317936109176,0.601828542935132,27,51.2592592592593,9.90956256347525,34,19.0913176470588,3.22373636491162,35,27.3068628571429,5.70909593952642,28,4.33492963582903,1.56374272485748
43,37,1.59159159159159,0.386504199987166,37,5.59459459459459,1.32202411012347,41,91.996161405379,1.27150085029286,40,16.35,3.0763781568758,39,88.6808920242568,5.02456133378472,39,16.1282051282051,3.48817164579086,36,97.4926900584795,4.23044448148495,36,82.6169590643275,12.4455194933286,36,100,NaN,36,89.9926900584795,9.70630980262894,36,0.743459181345163,0.285063113497998,35,1.21734522845284,0.530150445511465,34,0.914803553000148,0.0480066540688294,33,117.301869488272,36.0568198179529,33,0.743136515151515,0.102108643823406,35,0.273135218045113,0.0958222814326432,33,0.125123429027113,0.0611963058575391,35,77.8978615199493,22.1823625340819,33,1.80751641664897,0.392298983139459,32,1.9995463306151,0.404204689250254,24,50.3333333333333,9.8186453801657,34,18.8235117647059,3.21944541658381,36,27.2888972222222,6.10213654829647,30,4.66747365990901,1.84303667500747
44,29,1.66475095785441,0.363842768984736,30,5.66666666666667,1.42231800443752,33,92.0722907617055,1.24347930979596,33,16.4242424242424,2.94777779681474,31,88.881860304854,4.85694908426176,32,16.09375,3.52282305233523,28,97.4906015037594,3.97390827431823,28,82.8289473684211,11.8924908176354,28,100,NaN,28,89.6334586466165,9.80112578821937,28,0.765383975038792,0.313813925342537,27,1.19775048892028,0.553138633273676,28,0.918266648764769,0.0456215142614192,28,125.926465721032,35.2628579074787,28,0.727080782760472,0.100937829378421,27,0.291706725146199,0.0731219899224152,28,0.135978277389903,0.0627887947929997,29,81.3223192342516,23.7695865286156,27,1.79584068541079,0.402445651969141,26,1.96942912378847,0.396800883980417,20,50.5,10.4251719662707,26,18.507808974359,3.03452540985766,28,27.217294047619,6.02817438168918,22,4.72418861848084,1.89791197451964
45,27,1.72222222222222,0.348310261098786,28,5.75,1.45614915800902,31,92.177017241191,1.31415171885684,30,16.1666666666667,2.88973609740469,30,89.5679663937537,4.21076780361048,30,16.3666666666667,3.58621242263058,25,98.3894736842105,2.39666396336197,27,81.6666666666667,12.0096115353815,27,100,NaN,27,88.7037037037037,10.2462556568609,26,0.727018194100954,0.236051714464033,26,1.17411053271763,0.550594796239846,25,0.923731829573935,0.0398595946764176,25,121.548151787482,33.7544516857907,25,0.735109121303258,0.0989761797678003,24,0.288666074561404,0.0729864526241007,24,0.12426535609858,0.0536969092303708,26,79.7359091937944,22.9387735164741,25,1.74774267538454,0.361037925883326,24,2.0279627475718,0.509403716170346,18,50.8888888888889,9.59711285561437,26,19.1173666666667,3.86558903126893,26,27.1002192307692,6.26329962844345,21,4.63513202160275,1.81451249888172
46,24,1.75694444444444,0.334864638854778,25,5.72,1.51437555888007,28,92.1679346750318,1.3263834282269,29,17.8620689655172,4.74133900565046,28,89.5615315377168,4.03200797159555,28,16.25,3.57589667594535,24,98.75,2.21162934232346,25,83.6941176470588,12.2718745213431,25,100,NaN,25,89.4941176470588,10.6596583450078,24,0.718560151556773,0.224370708456306,24,1.24976192807463,0.673609060776624,19,0.91959174251418,0.0431372917848697,19,127.701391516158,30.4818611516876,19,0.731499612847909,0.0897932881904742,19,0.283538005540166,0.0725483541851233,19,0.134755830365387,0.0549568733213021,20,84.7809775326508,24.0746824184163,18,1.82807469131195,0.252300610254043,19,2.16000047773215,0.58557957806505,16,50,11.1295402720268,24,19.8893013888889,4.50982465647208,24,28.4875236111111,7.0990172856719,18,4.50330819488073,1.71473043831527
47,18,1.68827160493827,0.384965686579285,17,5.82352941176471,1.62923655885383,20,92.1338838676079,1.67169353206997,20,18.2,4.86231480502424,20,88.8566184970424,5.63502182422106,20,16.65,3.6458339598997,18,98.6111111111111,2.30444299481238,19,82.7554179566563,12.4972932580053,19,100,NaN,19,88.5448916408669,10.9753462163841,19,0.783294965044029,0.257838444743814,18,1.47480122600612,0.896590967251993,12,0.941666666666667,0.0333784216168395,11,139.336038299944,29.7423050714198,12,0.725803899331663,0.12131450459697,12,0.265358421052632,0.0863893570177663,11,0.12637632034632,0.0648021705515654,12,98.5941753369553,18.4307229351295,12,1.96225676613409,0.25373207703165,12,2.16906503342455,0.513400199419022,9,48.2222222222222,12.5077753595291,17,21.1350392156863,5.1052130488958,17,29.7552862745098,7.29334311045447,12,6.12651077862775,4.28375461468896
48,18,1.6820987654321,0.401886236895211,18,6.16666666666667,1.94784949291746,21,90.2136418439915,3.83633109678726,21,18.0952380952381,5.30004492343944,21,85.0219242702603,9.89199331059961,21,15.5714285714286,3.39957980596762,19,98.4210526315789,2.91196362678909,20,79.8676470588235,12.418547220227,20,100,NaN,20,86.8676470588235,11.3259014040909,20,0.781811433553204,0.249899482086637,20,1.71067949883919,0.969320231703986,14,0.919257966344433,0.0234598665451488,15,129.549241196798,30.2477424228477,15,0.739109187134503,0.0995170688553194,16,0.277600098684211,0.0790779702555084,15,0.126250058479532,0.0659531075749596,15,93.97328176027,20.2641385580439,16,1.76305541105752,0.424343187683066,16,2.2181198011957,0.610614673588976,11,48.8181818181818,10.2646790677369,19,21.0822333333333,5.2681170159698,19,28.4693298245614,7.42754231253884,13,4.83514079522364,1.86570598136522
49,18,1.77469135802469,0.427992994933063,19,6.52631578947368,2.50263019536184,26,90.4117018739434,2.70323018952633,26,17.8461538461538,5.46034656550155,25,86.2544807958023,7.01322492581559,26,15.9615384615385,4.52973084613882,23,97.8146453089245,3.32249908086312,24,73.6177760577915,14.9531154903189,23,100,NaN,23,83.1457800511509,11.5363652168911,23,0.824984561465988,0.294068705447081,23,2.10808887737045,1.02975138842602,21,0.91546425587779,0.0313330047817203,22,120.015783136294,30.6809767118131,22,0.748722539302802,0.105771470322105,22,0.260277942583732,0.0891922235492959,23,0.115871598561621,0.0682741088055488,22,81.4435087920249,21.9474594280742,22,1.82384033396224,0.458679678345808,22,2.36477269425932,0.726559545296609,17,48.0588235294118,9.74339897209448,23,21.4340202898551,5.18978439828484,22,27.859796969697,6.48344125256334,14,4.71481948360624,1.25368713429591
50,23,1.65942028985507,0.506219551695807,23,6.30434782608696,2.49426219021132,30,89.9136766840782,3.18097908491683,30,18.4666666666667,5.78185827026842,30,84.3521667517598,8.64010466071596,29,16.0344827586207,4.60963864884292,26,96.912955465587,4.7113687528414,26,74.6653965229817,14.8258286332185,26,99.8076923076923,0.98058067569092,26,83.3597285067873,13.0951199544832,26,0.884341639340891,0.385697792861478,26,2.1911217268259,1.16121529598819,23,0.920870110057753,0.0410717421056283,21,116.994527291599,27.8842599271191,23,0.759353085975809,0.116347459959068,23,0.260004027459954,0.092443838330461,23,0.114861856815953,0.0665746543591536,22,81.7221016816098,22.4479253870447,23,1.86471374756897,0.482032794670416,23,2.39185230329794,0.726800998308485,19,45.8947368421053,11.5945137258107,25,22.1321933333333,5.8703696578271,24,29.8671166666667,9.51457141278499,16,5.02339705326353,1.63604669569181
51,27,1.58436213991358,0.492433336869132,27,6.33333333333333,2.55704155978379,37,89.6765800068246,3.16400699425199,38,20.1578947368421,9.51961365270294,37,84.0281210440125,7.96539381819649,38,17.2105263157895,5.74295288363165,34,96.9504643962848,4.43203127583684,34,73.0456403407596,16.9309635650514,34,99.8529411764706,0.857492925712544,34,82.3301260648738,14.6644403064333,34,0.89068751451139,0.379227178714331,33,2.30702771547753,1.31242926853821,31,0.924100574015685,0.0398307850087056,30,114.036647400056,36.4273663699477,31,0.771220263562131,0.112329687654043,31,0.248482495755518,0.0938380512043561,31,0.107667198237529,0.06420557263183,30,77.9260628902907,22.4793642593062,31,1.79241142799965,0.455502624843314,31,2.33459136955291,0.756907506183427,23,47.9565217391304,9.22682975630192,29,20.9066,4.68823019926175,28,28.6761059523809,8.5893787575363,21,4.58912310722902,1.45969107971814
52,32,1.52256944444097,0.446870478789751,32,6.09375,2.51908041337157,40,90.1021438033335,3.21000625758992,41,19.5609756097561,8.95558144535519,40,83.8653169702534,8.3882472688578,41,18.5365853658537,6.53872143838384,39,96.6683535762483,4.61140486731129,39,71.9585741144446,17.0795298463694,39,99.8717948717949,0.800640769025436,39,81.4802559488794,14.4389256384923,39,0.901451965056013,0.366775483789674,38,2.30436380084322,1.28678630957994,34,0.92797250479139,0.0423473453119501,33,113.32199810308,43.3601473585639,33,0.782063581681476,0.116310931004276,33,0.253061116427432,0.0969236668731343,33,0.100781466165414,0.0647202187436498,33,77.2957604716382,27.2464207349416,34,1.85185100299663,0.563362614493165,34,2.42671717952971,0.928993286544044,25,47.24,10.4931723833485,33,20.9834313131313,4.66674977683389,31,28.2285982526882,5.84354835555626,25,4.72579190792605,1.60388527783352
53,36,1.46707818930247,0.424811311558054,37,6.07207207207207,2.477223574213,44,90.2034741361667,3.16461454194855,44,18.5,6.70473626417125,42,84.978556193455,7.06548395715704,45,18.0888888888889,6.33110008472685,42,96.1920426065163,4.63797756777961,41,72.1069363527643,17.0679458259521,42,99.6428571428571,1.30330590107503,41,81.7739020001536,14.580618201323,42,0.918940728600712,0.377369738892468,41,2.23762786752807,1.25626746475515,38,0.923019720353516,0.0411311210733819,36,117.629711449483,43.9201830670653,36,0.771273078529658,0.115851793791847,37,0.264140170697013,0.0994949849172562,36,0.107934194862155,0.0649916368088506,36,79.1406127785786,28.1529478258671,37,1.81879820100465,0.538243696832871,37,2.39372217371147,0.904256057670726,29,46.8620689655172,10.0631014032562,36,21.1735527777778,4.4512448856427,34,29.9972787990196,7.21076042603841,30,4.94533507061436,1.82671083093958
54,40,1.40925925926111,0.396087225522852,38,5.51754385964912,1.88354239200205,44,91.3519865934229,2.13851221170312,45,18.8666666666667,6.56644362026979,44,84.8750503874209,6.91617501732977,45,18.1111111111111,6.07237493685439,44,96.8196770334928,3.72274888619634,43,71.776381173566,16.9726037007758,44,99.7727272727273,1.05353527470743,43,81.691394930379,14.0236007051804,45,0.878545863727232,0.337857682316697,44,2.2512325041747,1.29614204572727,35,0.925184389545292,0.0417715598669685,33,122.485555861301,50.9945502197406,33,0.771547663476874,0.119327971449809,34,0.259103931888545,0.103504101083047,33,0.111279250398724,0.0668248694381437,33,81.7034326732613,31.2187642048195,34,1.97693659428255,0.562417347631268,34,2.45080264611301,0.913949468622843,27,45.2592592592593,10.3500003440825,39,21.6677735042735,4.27507211540132,37,31.006453490991,7.89368056230734,34,5.15727379564621,2.16078111984502
55,38,1.34307992202924,0.33432554037002,37,5.12612612612613,1.5443072508037,38,91.4994345960012,1.95219505504165,41,18.9024390243902,6.54906435320642,40,84.7059000979743,6.7672412608533,40,17.75,5.35771669698279,40,96.7582236842105,3.64410853592864,39,74.7925822116105,17.3657164510437,40,99.75,1.10360713931576,39,84.044358512982,13.9735429994484,41,0.866785924949854,0.329654537020957,40,2.04550865634589,1.24329257208836,34,0.923955108359133,0.0377101813076457,31,133.561476110497,55.5595561067215,34,0.715676777237211,0.167322488241112,34,0.272700758513932,0.0989839432485848,34,0.150825490564647,0.120080561700025,31,85.193487063097,30.5293665716418,33,1.93323584681942,0.487372524992525,33,2.35795499839263,0.804174863264668,24,41.5416666666667,11.3174707831536,35,22.7177295238095,4.73282051378845,34,33.2579278186274,9.47195488580779,33,5.25961519423978,2.18846236420208
56,42,1.35626102292857,0.334480849369214,39,5.01709401709402,1.38907331209219,43,91.6630456976843,1.88446309845156,45,18.9111111111111,6.6017291888435,43,85.0092719433625,6.24137298340871,43,17.5271317829457,5.0642603716485,47,97.0282754759238,3.64778401340287,46,72.7671918089538,17.1749361082166,47,99.7872340425532,1.02014854444289,46,82.3928078976706,13.5909067538261,46,0.79141833480544,0.252423870392864,46,1.86921560658925,1.10940063574271,35,0.927368421052632,0.0292505312140485,34,128.794270904042,52.9356541220231,34,0.764721687880289,0.104276539833419,36,0.276037732697368,0.090691524449318,34,0.113376989231682,0.0623310007142592,34,81.4502279348435,29.4177928916611,36,1.97061453289981,0.490658897505984,36,2.52961800530412,1.02640632264956,23,43.304347826087,9.53669841196577,38,22.2877254385965,3.82119708082907,37,31.7293003378378,7.02813575942204,38,5.12004121671143,1.89440471861332
57,40,1.36712962963333,0.336585577341717,38,5.17543859649123,1.50820945109755,39,91.8529681129215,1.66710699163909,40,17.975,3.87290058926885,40,84.0583447620377,7.83142215109637,39,17.7606837606838,5.26043864376787,43,96.5988372093023,5.49465396187048,42,72.5886564702354,17.8710537003878,43,99.7674418604651,1.06541316158223,42,81.9621034423666,13.3260288400574,41,0.802898064504972,0.230219125913259,42,1.75662479040487,0.892376851023177,31,0.922877758913413,0.0282677841451263,32,144.110026930373,82.004950634464,30,0.752395923791479,0.0989179030752086,33,0.279847383038278,0.0884440897527833,30,0.122033015531913,0.061428987910892,30,80.1535486103121,25.5296082454283,32,2.05190902522601,0.462334760316376,32,2.58535797576065,1.00234556130033,21,40.7142857142857,9.0118968987825,37,23.1337495495495,3.77252629576795,37,34.4001841216216,8.10686044219561,36,5.41828720102125,1.88667952249325
58,43,1.36024978467829,0.323656911865246,41,4.95934959349593,1.22518733703875,44,91.2220847744539,2.26853325148005,45,17.4,3.35342430143496,44,83.5651064330907,6.67435017709044,44,16.5833333333333,3.77406147958398,43,96.2403100775194,6.33179830244399,42,71.5023670286828,15.8510923478998,43,99.6511627906977,1.28884815556617,42,81.7975494291284,12.3966772142722,44,0.858902737478105,0.339000607947883,42,1.75186554320836,0.882574197021528,36,0.916776315789474,0.0340159583414617,34,136.784239119903,58.3785117486843,34,0.728157918899012,0.10242534855806,36,0.285714209305556,0.0814778975496269,34,0.138609411463733,0.0687228391566532,34,86.1008083163622,35.4067898516229,36,2.02686179642437,0.452670410601141,35,2.37783016155494,0.785500449213011,25,39.64,9.29103510559148,38,24.3999614035088,4.63251434875091,38,35.6518245614035,9.22226457295683,36,5.3299901905312,1.40343105047002
59,39,1.39909781577065,0.328649096797849,37,4.88288288288288,1.19209385302546,45,90.5312228062981,3.81988843278378,44,17.5227272727273,3.40648244110615,44,83.2904175498834,8.00620006767991,44,16.8787878787879,4.96608180786761,41,96.5447154471545,6.42683441065704,41,71.295107687919,16.1071189956216,41,99.8780487804878,0.78086880944303,41,81.9633433176437,12.1485062597788,42,0.796935028250594,0.329795559785355,40,1.66250534980361,0.883258034105824,33,0.917543859649123,0.0317942753117244,32,133.596928229135,59.904337711592,32,0.73168245675,0.105386789356759,32,0.287163633495066,0.0738103693563639,32,0.136156663997259,0.0690725348277392,32,83.5991038090485,35.4392780944275,33,2.05225529885163,0.451243990997284,31,2.3562618351879,0.674827116256894,23,39.4347826086956,10.0037542359971,36,24.9194509259259,4.89864419443926,36,35.2736046296296,9.08134530410854,33,5.27513347577569,1.22858418972408
60,45,1.44835390947037,0.321396398647452,44,4.62310606060606,1.08348070499753,60,90.5869516548745,2.94406305072098,58,18.4224137931034,4.34256949983061,59,84.0954915071556,6.91444999685032,58,17.3994252873563,4.35105907377973,58,96.1566091954023,6.12225348347627,58,72.4105162331115,16.3529023591214,58,99.8275862068966,0.920296120049597,56,84.328660192147,11.2229568783595,58,0.809812849059792,0.338587717748057,56,1.5688472462591,0.82297834110181,48,0.916666666666667,0.0390918239196739,46,124.588896161808,41.9174971339957,47,0.728045031343465,0.102845760290233,47,0.288245721349384,0.0773340575743119,47,0.135608065425105,0.0656439488448769,47,81.1813916488531,27.8271424589208,48,1.99567252417303,0.390824047072764,45,2.32398655793345,0.557001708464381,34,39.0882352941176,8.49729956055139,45,25.538537037037,5.24065975935708,44,36.3319840909091,7.74059620842514,39,5.58744697157741,1.27482243482329
61,52,1.40883190883654,0.304347674283542,52,4.63942307692308,1.08160006565635,69,90.4061461375024,2.9174104825875,66,18.6843434343434,4.34083461074539,67,83.6978396787148,7.27074991251891,66,17.9116161616162,4.48941963174402,67,95.9017412935323,6.72778057265101,67,70.6792790433796,16.197922204703,67,99.5522388059701,2.57189696580437,65,83.1044759334233,11.071053713808,67,0.822834818047889,0.380763323084535,64,1.50720235383581,0.798370109445264,51,0.918968991105214,0.040329986581384,49,118.855545120882,33.3131616346769,50,0.736231296869624,0.10639604238999,50,0.279711861095439,0.085333015928566,50,0.131439172579323,0.0665089667361771,50,77.3258773523151,17.5686714975158,50,2.04198496582043,0.381744895882824,48,2.41113373592076,0.664694230487388,39,41.2820512820513,7.60522229838335,54,25.4603873971193,5.29568587391777,54,36.8582346193416,8.04963622161767,49,6.06139560834087,1.95582428796752
62,55,1.4484848484899,0.302226343066275,55,4.62272727272727,1.06897591293337,73,90.3826831153162,2.87867567500151,70,18.2452380952381,4.38952066283021,72,84.0300239295054,7.15959231963794,71,17.7183098591549,4.86301163703942,69,95.8031400966183,7.10575992734887,69,72.4008390541571,16.5163357126823,69,99.5652173913043,2.53492232662976,67,84.3201754385965,10.8730166981748,69,0.822579602826499,0.380250303558225,65,1.5045124756398,0.733197913548738,55,0.919479380268854,0.0432334386554415,54,120.789315970551,36.4710990560769,53,0.72976512435641,0.109076087655026,53,0.28474353413671,0.0870131939758926,54,0.132993791749768,0.0698030020718171,54,76.9494580479123,17.664206411796,53,2.01934890633215,0.381981574588937,53,2.39486878362603,0.582260211198133,48,39.5625,7.80863202120277,59,25.3105901600753,5.35050039191058,58,35.4459144157088,8.12887836228411,53,6.21878056667897,2.22262293759587
63,59,1.40929064658475,0.33156271817915,60,4.64305555555555,1.04423036682916,77,90.3572446114098,2.87581429059786,74,17.7274774774775,4.3204563083748,76,84.6987512366008,6.68101575214401,75,17.3288888888889,4.60129350312517,71,96.1795774647887,5.64666722689539,72,72.6971073517126,15.0237763676334,71,99.8591549295775,0.833165643758573,70,84.0503490870032,10.3760311758043,72,0.82696639614523,0.397841842132975,68,1.49191469456933,0.714408007411795,56,0.920964240959542,0.0446005862108356,55,123.56535625955,37.2027066353276,54,0.728628202439664,0.10859303908914,54,0.286803371223847,0.0883286022760662,55,0.133005564458442,0.0682668547283192,55,77.9297276321617,18.1645069793334,55,2.08686220202746,0.423256380475459,54,2.46686348799156,0.676566928532564,53,40.377358490566,8.18457944866391,63,25.0845287037037,5.27003584664192,62,34.4766145609319,7.92604820987746,56,6.1749684552656,2.19745396752331
64,58,1.44021392082423,0.341814929325599,59,4.76271186440678,1.16129856543234,78,90.6310577896776,2.73254050728303,74,17.8716216216216,4.60366369366137,76,85.6933642665578,6.65947493625425,75,17.3822222222222,4.76959946736401,71,96.6231158883123,4.30266206560314,72,72.9103139793929,14.9496474422467,73,99.9315068493151,0.585205735980653,72,83.6722448482317,10.7429695562693,70,0.735874042861179,0.28913054986417,70,1.41898698078864,0.676929311567832,57,0.927219364199974,0.0421193381493305,57,125.527604905365,36.1571967620089,56,0.726855368884309,0.101831949899482,57,0.285620303188058,0.0882502416052482,57,0.133084924589808,0.0647643281493219,57,78.0691804942706,18.0821271142737,58,2.24171258621525,0.529479936315844,56,2.61325461574466,0.751555390043083,53,40.4779874213836,6.99526990185788,62,24.6267931451613,4.34438829266455,62,33.5000591845878,7.22263501898889,60,6.41964544250377,2.78061901446708
65,61,1.39746508805055,0.341828305866326,63,4.74074074074074,1.14594805008457,76,90.9434459068984,2.13789095358391,77,17.6060606060606,4.58033467224054,78,85.293309695882,6.50992956811532,78,17.4871794871795,4.58066779875134,75,96.5143274853801,4.42211114887407,77,71.6607264915536,15.1967396049475,76,100,NaN,76,82.6894951193774,10.9638310660793,73,0.769242934733705,0.286288584265883,75,1.51281322272275,0.779569753851111,61,0.925921360778997,0.0427232177730707,61,124.724868377769,34.9061846738163,60,0.720270612798287,0.0940711867540671,62,0.287336112859649,0.0851338784705763,61,0.136476700551152,0.061273943808677,61,77.6551757014974,18.3647161784715,62,2.23624936409272,0.512262218048991,59,2.59125720964612,0.724358713151858,55,40.7060606060606,6.83062003014799,63,24.2186692680776,3.89872283197291,64,33.3905408420139,7.05533161903727,62,6.47842231971443,2.77524184281277
66,54,1.40989368999949,0.350055079056752,56,4.91815476190476,1.16357719414072,63,90.7532574098657,2.396940298703,64,16.5651041666667,3.67394865974052,64,85.3060564413133,6.56666992219856,64,17.078125,4.38028780975592,58,96.0314579552329,4.76333772695172,61,70.3270813646137,14.999628906553,61,100,NaN,62,80.8601139946641,11.3354282428545,57,0.777237610228975,0.29455463969476,59,1.53272122720443,0.805395264785938,49,0.928292670451639,0.0422499218599793,49,123.483596307339,33.8121747210904,48,0.723925787405545,0.090783151856678,50,0.284203969419649,0.0832831485225801,49,0.134595876922638,0.0605695191152906,49,77.1986658369267,19.648916667371,50,2.29495505161385,0.539069059272846,49,2.78985029394456,1.08986867748471,50,40.1766666666667,7.1476499793119,56,24.4173312003968,4.07817889842273,57,33.8078796783626,8.12040500257674,55,6.27766947305893,2.52944452816208
67,47,1.40061071711052,0.394262405572565,48,5.02604166666667,1.23676877410089,54,90.9129895017024,2.50471753244446,55,16.1606060606061,3.34088090518,54,86.1113181706692,5.70406958294696,54,16.5679012345679,4.25811821983942,51,95.6501547987616,5.06644604146746,53,70.2010135401397,15.1162079665159,53,100,NaN,54,80.3166481017358,11.822244694023,50,0.796496025918262,0.291067619094545,52,1.61706143052987,0.848560461485134,42,0.927716612960974,0.045956462476286,43,126.286866658558,38.9371099764276,42,0.717269586103771,0.0849373142261064,43,0.288439079325173,0.0757291396260419,43,0.137242608798071,0.0587687700856795,42,76.6115043930342,20.5573111375618,43,2.31270420159152,0.576942596787394,41,2.78974830443929,0.964683962105922,42,38.7579365079365,6.41477401935934,46,24.9535042270531,4.44408601173205,45,32.6761860493827,6.53427408567928,45,5.92107179611979,1.9354590077522
68,43,1.32375107667377,0.370483882733515,44,5.06628787878788,1.05479395734877,50,90.9638496816578,2.59336033333196,50,15.99,2.81605576436746,51,85.228957750936,6.84699611025679,50,16.31,3.45623922336996,49,95.0304332259219,4.98135537773399,50,66.6464076858814,14.6440140539926,49,100,NaN,51,77.4267777286353,11.6526203296259,47,0.815779886606283,0.294277047287557,50,1.75066162193312,0.915389840843569,40,0.914661654135338,0.047681386532427,40,129.11058504187,36.1198800895124,40,0.71331232230119,0.0771177537948569,40,0.296258410622368,0.0653270691375445,39,0.138723863906111,0.0475805749663066,40,80.3293271803447,20.7762825521486,40,2.24102893023627,0.486375359530882,39,2.78867629285042,1.00037378093171,40,38.7291666666667,6.22004931915845,42,25.2514705026455,4.28028505822492,42,34.9852107142857,7.1895919364677,44,6.61338933986099,2.75752815164994
69,49,1.3271919879144,0.340148348930094,50,4.965,1.07934771811434,56,91.0376249814401,2.30964302084479,56,16.4166666666667,3.21266433372865,56,84.1852680309317,7.52550581045584,57,16.5964912280702,3.66286970185928,56,95.562343358396,4.69485725600036,58,65.9167674934463,17.6066425199051,56,100,NaN,58,77.6663641863279,14.1545698048009,54,0.780739415113133,0.29710069422813,56,1.64892987066668,1.00411746468239,43,0.915275106370578,0.0460909414520137,42,125.133579011076,32.4061105595179,43,0.717341254341085,0.0829284635683017,44,0.286238763441388,0.0732093302227638,41,0.134777887153402,0.0483324436673359,43,79.492618314508,19.7936861866378,43,2.2472042985552,0.511906937171655,42,2.90890935188159,1.21865065546532,44,38.0265151515152,6.38088464598744,44,25.7684983585859,4.02781055604885,44,36.1183669191919,7.0560585478775,49,6.54499794665508,2.41219329736442
70,50,1.31888888888333,0.374150026353179,53,5.10691823899371,1.25919453448036,57,90.1699736969098,3.26200179575155,55,16.4151515151515,3.14970648695784,55,82.5372132171297,7.62591773004622,56,16.6696428571429,3.80529815015119,55,96.0151515151515,4.1687985567378,58,66.3031861262351,17.6732605208962,54,100,NaN,58,77.7697116354104,14.9313563682975,54,0.770667783679022,0.295008481801715,56,1.62417184167706,0.97451816074736,43,0.904634405781897,0.0500683521361472,42,123.814904021485,30.8603765131976,42,0.718536345432674,0.0867929078252363,43,0.29247011843574,0.0786402339634456,42,0.140215048974177,0.0518310328799924,43,79.7860777870676,17.53705843417,43,2.195187389225,0.51339573281047,40,2.82228722236317,1.02153159722581,44,36.6818181818182,7.14132152357841,43,25.6981467700258,3.89998792752304,43,36.1528395348837,7.26842221340016,49,6.46049532062923,2.06264848501179
71,51,1.30610021785294,0.361098821100547,54,5.10493827160494,1.23212429958132,57,90.63262394315,2.86356321256706,58,16.8304597701149,3.75822572547423,56,82.9081931220558,7.70834548847497,57,16.219298245614,3.28644973789335,55,95.96331738437,3.85810711521742,58,66.4589635007058,16.7432414873804,55,99.9681020733652,0.236561355250263,58,78.3202258519863,14.2135388707603,55,0.756547345283757,0.301679161166074,56,1.53886795647851,0.841967114621637,42,0.901928183554124,0.0529458813456847,43,136.962854028859,40.1827062682264,42,0.705875730985962,0.104019332200972,43,0.288893409493268,0.0884257166060416,42,0.151012793101757,0.0642833915439097,41,82.2382799500227,19.7461462763187,42,2.15322493287082,0.51416435978848,41,3.09244527120026,1.34553149575099,47,35.9290780141844,6.82588359207964,45,26.3631327160494,4.35483421241429,45,37.3424330864198,7.83084276107386,52,6.43362963526164,2.10626574272105
72,54,1.25240054868416,0.389521403305043,53,5.00943396226415,1.12679822776278,59,90.3797335043574,3.05232503129749,56,16.0386904761905,2.90905779314665,56,81.954229651169,8.48974709134609,58,16.2701149425287,3.21937173568406,55,96.4233563707248,3.33700433908607,59,66.4518287243533,16.8704462259134,56,99.8793859649123,0.438935275855046,58,78.5549001814882,14.3706836481284,57,0.743344995378054,0.312068295064346,57,1.49089783686363,0.901116985687546,37,0.894795265190002,0.0539518852278936,38,139.429042340921,43.1200353867116,40,0.67542731828714,0.123550989226101,40,0.308505994152632,0.0976833430245445,39,0.165607349579028,0.0747211579592476,39,83.988221306902,23.5719864913851,38,2.18987821100766,0.510897847390981,38,3.21277066687047,1.37627611852935,43,35.5426356589147,6.76583905166903,44,26.8572398989899,4.10462040094508,45,38.6234840740741,7.97566406430572,55,6.91181911205185,2.90160788621206
73,55,1.28409090907475,0.36821794353095,54,5.0570987654321,1.06421495879871,59,90.2394877526591,3.29707320034745,58,16.3132183908046,3.59134187161263,57,80.8903647964403,9.18858160073538,60,16.8944444444444,5.65601913158218,55,95.7181629895446,3.71336628523673,58,65.5800505320095,16.6766797542027,56,99.8793859649123,0.438935275855046,57,78.0193340032227,14.4646450077934,57,0.730853495805829,0.294848044499209,56,1.46617580207047,0.87321464671203,35,0.8887522377372,0.0530126650471137,35,141.684239416236,40.1159429781395,37,0.664264655234692,0.122893154219714,36,0.320421691592592,0.0925834997648832,36,0.173416704201946,0.074616752705033,36,84.9642476432413,23.6257682547613,35,2.19839029892671,0.516365080745481,35,3.20673591165873,1.3620546834032,43,33.8759689922481,7.83384775609549,43,26.2668775516796,3.87161644900008,43,37.9814946705426,7.97435019097973,54,6.97304082106796,3.15214340098645
74,53,1.26930468202096,0.373296551157709,51,4.8578431372549,1.0149294060901,56,90.1224283533012,3.15681162630876,56,16.6160714285714,4.43162642497794,54,81.6100290083845,8.48132615851406,57,16.7017543859649,5.70633322989992,53,95.0140328875123,4.48319826393227,55,67.3483545464969,16.7384078724506,54,99.8308270676692,0.541393828539478,53,80.6657546335317,13.7808715147834,53,0.719057944684449,0.29430145634579,53,1.33627213140836,0.768558083648349,33,0.887778157515,0.055447298351871,33,136.728672446888,40.9276650854288,35,0.674680721776137,0.123031974500908,35,0.30287007897995,0.0999876072705633,34,0.168583753053129,0.0724813282695687,34,83.6641707474714,23.6220979997277,34,2.40134221820166,0.614984060228188,34,3.62052620132735,1.5918958171495,38,33.1052631578947,7.64758897928906,40,26.8998336458333,3.9368650287696,39,37.7247129273504,7.74220505641344,51,7.09132048356755,3.33630635417252
75,42,1.2509920634709,0.416688667125453,39,4.98931623931624,0.989746313851169,42,90.0378476408237,3.4045833615145,41,16.0934959349593,3.90317690771245,42,80.9125849402878,8.70440238419523,42,16.0912698412698,3.72736209114061,39,94.420779736021,4.63229762467456,41,65.9005526329773,15.3126424783724,40,99.7716165413534,0.620045025665364,40,80.0765693338739,12.1119476901628,40,0.731059677964885,0.293360497466762,40,1.35248327391421,0.706998113229933,25,0.877368421052632,0.0558990109639401,26,144.328118503217,50.5503457802623,27,0.655791563778079,0.124220394467591,27,0.314733539302794,0.100343564917533,26,0.180408624827863,0.0719577319529653,26,83.675198104585,25.8550018486549,26,2.40799396424949,0.638966455777202,26,3.68708144371378,1.53729509480719,28,32.0952380952381,7.89207402724398,30,27.0319896759259,4.47117967616062,31,39.1795365143369,9.75905344851519,40,7.31373206921134,3.66405798969287
76,32,1.2753182870191,0.366896764245721,30,4.96944444444444,0.849972766448257,32,90.1824786404421,3.17390450739482,31,15.6021505376344,3.7334021371028,32,81.0495412875872,8.81479906285565,32,15.6354166666667,3.00669429331894,30,93.274791434605,4.95055788282164,31,64.1211610092065,14.9183399945375,27,100,NaN,31,77.9058166843421,12.7697669355563,31,0.782228519429262,0.325139745932309,30,1.42738101843203,0.721724820179094,17,0.871187159074156,0.0653487105362668,17,145.21794235556,56.7597418870998,18,0.65198573140692,0.120108543376605,18,0.318851397337232,0.0982011479522535,18,0.188588569924464,0.0748270616092678,17,86.0650234977244,29.4497613220114,18,2.45615722015944,0.70432330959457,18,3.80582895096764,1.69977960317156,20,32.125,7.663781875261,24,27.3216780671296,5.17742174111397,22,37.3284544823232,7.67929915998331,30,7.59302539642386,4.02908795428103
77,28,1.27926587299603,0.413697417461585,25,5.08333333333333,0.908422523653768,24,89.9215445267596,3.23246349983281,23,15.8913043478261,4.05069164054713,24,80.2227697138368,8.35116116436532,24,16.2222222222222,3.31832369453417,24,92.4688547903323,5.16161905321259,25,64.0300997592019,16.8829098734558,24,99.7916666666667,0.563053270576825,24,78.5660472156699,13.0451422508391,24,0.713380865303651,0.28844452903037,24,1.39253104387571,0.848012489233054,13,0.863030171582803,0.0708537730737472,13,121.867993455414,57.1826857145455,14,0.675792939417383,0.127159722982236,14,0.302676859548872,0.107549256554974,14,0.172868630808181,0.0786830759584866,13,71.7081952476151,18.5875766627704,14,2.6587429217339,0.729803980141485,14,3.89989843867715,2.01223332896277,14,31.0238095238095,8.47264505840498,18,27.3000476080247,5.40668011213372,18,38.3089912808642,9.42792248987603,23,7.8812083602712,4.14563408758972
78,20,1.33449074071667,0.399448991804441,19,5.03947368421053,0.992397186986209,15,90.3842002254142,2.86093068428444,15,18.2777777777778,8.5490337954636,16,82.0675512274266,7.2584681692982,15,15.9111111111111,3.43988433421885,18,90.8724864824097,6.01021329719549,16,66.3884051427589,14.5998954063977,17,99.859943977591,0.577465773896034,17,78.0082758077431,13.1658221269293,17,0.711222508957381,0.239824211816502,17,1.40388865711227,0.652327642281333,11,0.891487240829346,0.0578853343459535,11,101.271466205393,22.9307810278459,11,0.739959365364662,0.075222041617461,12,0.262742958947368,0.0886304594269473,11,0.136359929754956,0.0445081014192319,12,71.017479706388,17.0088303859024,12,2.57962761425162,0.701034939337543,12,3.96465494719515,2.15508694315796,10,32.1,8.76588505176407,12,26.3375630787037,5.86426255211709,12,35.8052721064815,9.03988337414148,15,7.35575486666097,3.90412943957374
79,18,1.49228395059568,0.388321117829457,18,5.08333333333333,1.07595526791874,14,90.5753198289111,2.00231647014157,13,16.7820512820513,4.80517883015227,15,81.8614339081216,7.79205710917768,14,17,3.25287512536165,16,89.4418337510443,8.1703349306335,15,63.448490507314,17.9565041193046,16,99.2261904761905,1.75287260183866,15,76.3832784575819,15.3848442352548,17,0.937481876851769,0.465581117436064,14,1.46047897530532,0.70456280735977,14,0.863650196920874,0.0915101578311568,13,119.906078617926,54.2231713907595,14,0.680916733067938,0.144616845717745,14,0.285049133984962,0.097468615289686,13,0.160021418519857,0.0838832921257091,13,77.7759689370335,25.7960370379141,14,2.77079764400431,0.802466728187969,13,3.37773558165314,1.56679088193948,14,30.0238095238095,8.08550912901952,13,28.6615700854701,5.38354756956728,13,41.1863136752137,11.224534025096,15,7.52872876457323,4.15496149020042
80,15,1.4783950617,0.369835371959945,15,5.34444444444444,1.0205559227864,12,89.290378638644,3.3331003873135,11,22.2878787878788,14.9837116950913,12,79.9304967355645,7.40148790378799,11,17.2727272727273,3.63568175424938,13,87.6788124156545,8.66807048973111,12,55.6911768118553,15.3690978570686,13,99.2307692307692,1.87766904049703,12,70.151107957803,12.1309880767534,14,1.02565932815826,0.48032670996715,11,1.62578958563674,0.785876676309021,12,0.852584586466166,0.10341871339416,12,154.813356186365,77.3174522627239,12,0.632648938292293,0.168357702317218,12,0.313650447099415,0.108356799355054,12,0.210525838157999,0.119496180017655,12,98.1947937625454,46.7249673155944,12,2.71360098070069,0.866738491421195,11,2.82824318074141,0.904828648230061,13,28.4358974358974,9.10574159058613,11,30.3175424242424,7.84040555816244,12,50.3652222222222,20.5746880543847,12,6.27472289891376,2.45085051368925
81,14,1.48412698409524,0.349697795533427,14,5.23809523809524,1.01634985756236,11,88.442432667742,3.80449634847738,10,22.5333333333333,15.7466045722738,11,79.3255426181457,6.75861669494348,10,16.7333333333333,3.95904964278981,12,86.6520467836257,8.18625631349916,11,58.5822938957614,14.4484040498514,12,99.1666666666667,1.94624736040381,11,71.5789864590174,13.2693414084286,13,1.05270331513402,0.485679871837802,10,1.59380253552355,0.818233440064288,11,0.843728639781272,0.103584392926071,11,158.773383264822,79.8046822933248,11,0.619910143030986,0.170401562141669,11,0.323186174017544,0.108236030985087,11,0.218496769960242,0.121936863960764,11,101.286622418686,47.7007409702806,11,2.78993916255227,0.865699680057268,10,2.69388582724888,0.830089687152451,11,25.6363636363636,6.59200617828484,10,31.2730866666667,7.55926558197387,11,52.0794252525252,20.6606261426086,11,5.83919032846909,2.45844222653346
82,14,1.50396825393651,0.368240211249758,13,5.25641025641026,1.05544308892527,11,88.7805179471986,3.66189659120397,10,23.2333333333333,15.3775931267013,11,79.2491874326681,6.75617361492454,10,17.2333333333333,3.8906345288445,12,87.485380116959,8.5055513835885,11,56.3095666230341,17.5637704062866,12,99.1666666666667,1.94624736040381,11,69.7608046408356,16.0858634711707,13,1.02295094661606,0.490771119782497,10,1.62861152409592,0.865501135318241,11,0.839183185235817,0.100718844229608,11,164.16538535849,77.2933144344671,11,0.627743779394623,0.17620429208955,11,0.310805264926635,0.115148513756737,11,0.21685358814206,0.1232396519078,11,105.228145194437,45.2355700123549,11,2.84017563202642,0.822076533677068,10,2.82051132757138,0.743642940871437,11,24.4545454545455,4.63386742071105,10,32.2593466666667,7.16039736039941,11,53.5808282828283,19.4779313063648,11,6.21772193274716,2.2470443558056
83,13,1.5398860398547,0.339100162981271,12,5.13888888888889,1.12329181951286,11,88.3757039532616,3.79609920409641,10,21.6333333333333,15.4276087295184,11,78.0139509185588,8.46754341380721,10,16.9333333333333,3.58598093403455,11,88.030303030303,9.62687735856065,10,53.5516917293233,16.1185172293761,11,99.0909090909091,2.02259958738973,10,68.6644736842105,16.4965944632767,12,1.0818364538988,0.465190831161963,9,1.8039614840782,0.80669326787249,10,0.833934837092732,0.0969896262631947,10,176.925384007452,70.8943067803107,10,0.602131953634085,0.166620091230496,10,0.333036421052632,0.0999976852686241,10,0.231349835839599,0.120320720621972,10,110.385814017233,44.5231040112672,10,2.86000421375129,0.759548616685306,9,2.70180081517792,0.525601519970717,11,24.7272727272727,5.23623737221507,9,31.4832814814815,5.37854536936415,10,55.9248933333333,19.0221316249841,10,6.06944105961833,2.22221037367436
84,11,1.54713804710101,0.34954052107046,10,5.16666666666667,1.14665374669724,10,88.0832435692947,3.86860660089659,9,21.7037037037037,16.3617477710499,10,77.4203540622719,8.68097293311821,9,17.2592592592593,3.64302140239001,9,88.1481481481481,10.0845193670396,9,52.2796574770259,16.5553351542322,9,99.4444444444444,1.66666666666667,9,67.4049707602339,16.9796472820285,10,1.12986460283818,0.498600315236116,8,1.85377943771078,0.847461804882967,8,0.836168546365915,0.0871888837437627,8,194.753262365964,65.310254704725,8,0.588770567042606,0.170880249856255,8,0.33925677631579,0.0908709196747541,8,0.241601044799499,0.127826914024582,8,120.768781226064,42.7522173162267,8,3.02950220856983,0.735614946584482,8,3.04787546154756,0.66084855177681,9,23.8888888888889,3.98260104844951,8,32.5656208333333,4.58390027779898,9,58.8675259259259,17.5970723142909,9,6.4785400682063,1.91642214195178
85,5,1.39259259257778,0.331114011107939,5,5.33333333333333,2.09496751499609,5,85.1889072389364,2.37566641286499,5,29.4666666666667,27.8014787776158,5,76.9267999769414,8.42096776324681,5,16.4666666666667,3.47690794944142,5,91,8.21583836257749,5,52.4342105263158,19.9923158714996,5,100,NaN,5,69.5921052631579,18.2186008490638,5,0.92403330194107,0.45803598483166,5,1.96356376598159,1.03016908749626,4,0.8375,0.0595119035711904,4,183.417391093422,54.3281175014175,4,0.63445,0.171144819913818,4,0.311675,0.0999422461558007,4,0.2097125,0.124429130934038,4,124.582528501869,42.5206979512953,4,2.629852124183,0.671637477200515,4,2.66937588745915,0.320141581634406,4,26.25,7.8049129826454,4,38.6926166666667,12.253897752008,4,63.10375,19.4030106839405,5,7.1377934831758,2.11569573324655
86,3,1.46913580244444,0.44069924073941,3,5.88888888888889,2.71484260508236,3,85.8220549274535,2.96529509169954,3,16.1111111111111,2.58915115505135,3,74.8240001517517,11.079601100657,3,16.7777777777778,3.84900179459752,3,96.6666666666667,2.88675134594813,3,56.140350877193,27.1682116946466,3,100,NaN,3,69.7368421052632,25.7558857539307,3,0.614368830769324,0.155187022708919,3,1.72753195179297,1.04052439784827,2,0.875,0,2,138.704597617534,27.0989768528549,2,0.7529725,0.0433350390850175,2,0.244465,0.0738997297018061,2,0.124795,0.00638517423411453,2,88.4547667463771,14.2272787154491,2,2.28085960988562,0.204100320965039,2,2.65172281045751,0.360810709406981,2,31.5,6.36396103067893,2,30.2433666666667,5.33908046202714,2,46.9472666666666,0.327154737429004,3,6.76388295028273,2.67446982856228
87,2,1.66666666666666,0.392837100659189,2,6.5,3.53553390593274,2,87.133636196501,2.69526945031787,2,16.5,3.53553390593274,2,70.6572680608573,11.8888680367656,2,19,0,2,97.5,3.53553390593274,2,46.7105263157895,30.7033207620474,2,100,NaN,2,62.1052631578947,31.2615629577211,2,0.693034937471992,0.105051825172074,2,2.22120781974007,0.838502754601966,2,0.875,0,2,138.704597617534,27.0989768528549,2,0.7529725,0.0433350390850175,2,0.244465,0.0738997297018061,2,0.124795,0.00638517423411453,2,88.4547667463771,14.2272787154491,2,2.28085960988562,0.204100320965039,2,2.65172281045751,0.360810709406981,2,31.5,6.36396103067893,2,30.2433666666667,5.33908046202714,2,46.9472666666666,0.327154737429004,2,8.13750010499891,1.72760909970877
88,1,1.38888888888889,0,1,4,0,1,85.2277928910563,0,1,14,0,1,62.2505688514284,0,1,19,0,1,100,NaN,1,68.4210526315789,0,1,100,NaN,1,84.2105263157895,0,1,0.618752079516794,0,1,1.62829683591742,0,1,0.875,0,1,119.542727321663,0,1,0.72233,0,1,0.29672,0,1,0.12931,0,1,78.394561488852,0,1,2.13653888888889,0,1,2.39659111111111,0,1,36,0,1,26.4680666666667,0,1,47.1786,0,1,9.35910421464257,0
89,0,NaN,NaN,0,NaN,NaN,0,NaN,NaN,0,NaN,NaN,0,NaN,NaN,0,NaN,NaN,0,NaN,NaN,0,NaN,NaN,0,NaN,NaN,0,NaN,NaN,0,NaN,NaN,0,NaN,NaN,0,NaN,NaN,0,NaN,NaN,0,NaN,NaN,0,NaN,NaN,0,NaN,NaN,0,NaN,NaN,0,NaN,NaN,0,NaN,NaN,0,NaN,NaN,0,NaN,NaN,0,NaN,NaN,0,NaN,NaN
90,0,NaN,NaN,0,NaN,NaN,0,NaN,NaN,0,NaN,NaN,0,NaN,NaN,0,NaN,NaN,0,NaN,NaN,0,NaN,NaN,0,NaN,NaN,0,NaN,NaN,0,NaN,NaN,0,NaN,NaN,0,NaN,NaN,0,NaN,NaN,0,NaN,NaN,0,NaN,NaN,0,NaN,NaN,0,NaN,NaN,0,NaN,NaN,0,NaN,NaN,0,NaN,NaN,0,NaN,NaN,0,NaN,NaN,0,NaN,NaN
